<?xml version="1.0" encoding="UTF-8"?>
<beans xmlns="http://www.springframework.org/schema/beans"
	   xmlns:xsi="http://www.w3.org/2001/XMLSchema-instance"
	   xsi:schemaLocation="http://www.springframework.org/schema/beans
      http://www.springframework.org/schema/beans/spring-beans-3.2.xsd">


<!--	<bean id="bean_test" class="cn.qtone.test.HelloWorld" scope="prototype">
		<constructor-arg index="0" ref="bean_date"></constructor-arg>
		<constructor-arg index="1"><value>345</value></constructor-arg>
	</bean>-->

	<!-- 系统配置 -->
	<import resource="spring-context-config.xml" />
	<!-- 数据库配置 -->
	<import resource="spring-context-database.xml" />
	<!-- 必要的bean配置 -->
<!--	<import resource="spring-context-bean.xml" />-->
	<!-- <context:annotation-config /> -->
	
</beans>