<?xml version="1.0" encoding="UTF-8"?>
<beans xmlns="http://www.springframework.org/schema/beans"
	   xmlns:xsi="http://www.w3.org/2001/XMLSchema-instance"
	   xsi:schemaLocation="http://www.springframework.org/schema/beans
      http://www.springframework.org/schema/beans/spring-beans-3.2.xsd">

	<bean id="propertyConfigurer"
		  class="org.springframework.beans.factory.config.PropertyPlaceholderConfigurer">
		<!--	<property name="properties">
                 <bean id="remoteProperties" class="com.dozenx.web.core.properties.RemoteProperties"
                      p:url="jdbc:mysql://192.168.10.183:3306/awifiopms?Unicode=true&characterEncoding=utf8"
                   p:driver="com.mysql.jdbc.Driver"
                   p:password="awifi2B@#$"
                   p:user="awifi2Badmin"
                 />
            </property>-->
		<property name="locations">
			<list>
				<value>classpath:properties/zookeeper.properties</value>


			</list>
		</property>
	</bean>
	<!-- 配置服务发现组件 -->
	<bean id="serviceDiscovery" class="com.dozenx.test.rpc.client.ServiceDiscovery">
		<constructor-arg name="registryAddress" value="${registry.address}"/>
	</bean>

	<!-- 配置 RPC 代理 -->
	<bean id="rpcProxy" class="com.dozenx.test.rpc.client.RpcProxy">
		<constructor-arg name="serviceDiscovery" ref="serviceDiscovery"/>
	</bean>


</beans>