<?xml version="1.0" encoding="UTF-8"?>
<beans xmlns="http://www.springframework.org/schema/beans"
	   xmlns:xsi="http://www.w3.org/2001/XMLSchema-instance"
	   xmlns:context="http://www.springframework.org/schema/context"
	   xsi:schemaLocation="http://www.springframework.org/schema/beans
      http://www.springframework.org/schema/beans/spring-beans-3.2.xsd
      http://www.springframework.org/schema/context
      http://www.springframework.org/schema/context/spring-context-3.2.xsd">

	<bean id="propertyConfigurer"
		  class="org.springframework.beans.factory.config.PropertyPlaceholderConfigurer">
		<!--	<property name="properties">
                 <bean id="remoteProperties" class="com.dozenx.web.core.properties.RemoteProperties"
                      p:url="jdbc:mysql://192.168.10.183:3306/awifiopms?Unicode=true&characterEncoding=utf8"
                   p:driver="com.mysql.jdbc.Driver"
                   p:password="awifi2B@#$"
                   p:user="awifi2Badmin"
                 />
            </property>-->
		<property name="locations">
			<list>
				<value>classpath:properties/zookeeper.properties</value>

			</list>
		</property>
	</bean>

	<!-- 配置注解扫描 -->
	<context:component-scan base-package="com.dozenx.test.rpc.server"/>




	<!-- 配置服务注册组件 -->
	<bean id="serviceRegistry" class="com.dozenx.test.rpc.ServiceRegistry">
		<constructor-arg name="registryAddress" value="${registry.address}"/>
	</bean>
	<!-- 配置 RPC 服务器 -->
	<bean id="rpcServer" class="com.dozenx.test.rpc.server.RpcServer">
		<constructor-arg name="serverAddress" value="${server.address}"/>
		<constructor-arg name="serviceRegistry" ref="serviceRegistry"/>
	</bean>

</beans>