<?xml version="1.0" encoding="UTF-8"?>
<beans xmlns="http://www.springframework.org/schema/beans"
	   xmlns:xsi="http://www.w3.org/2001/XMLSchema-instance"
	   xmlns:aop="http://www.springframework.org/schema/aop" xmlns:tx="http://www.springframework.org/schema/tx"
	   xsi:schemaLocation="http://www.springframework.org/schema/beans
      http://www.springframework.org/schema/beans/spring-beans-3.2.xsd


      http://www.springframework.org/schema/tx
      http://www.springframework.org/schema/tx/spring-tx-3.2.xsd
      http://www.springframework.org/schema/aop
      http://www.springframework.org/schema/aop/spring-aop-3.2.xsd">

	<!-- c3p0连接方式测试1 org.gjt.mm.mysql.Driver com.mysql.jdbc.Driver -->
	<bean id="dataSource" class="com.mchange.v2.c3p0.ComboPooledDataSource"
		destroy-method="close">
		<property name="driverClass" value="${db.jdbc.driver}" />
		<property name="jdbcUrl" value="${db.jdbc.url}" />
		<property name="user" value="${db.jdbc.user}" />
		<property name="password" value="${db.jdbc.password}" />
		
		<!-- 连接池中保留的最小连接数。Default: 3 -->
		<property name="minPoolSize" value="5" />
		<!-- 连接池中保留的最大连接数。Default: 15 -->
		<property name="maxPoolSize" value="100" />
		<!-- 初始化时获取三个连接，取值应在minPoolSize与maxPoolSize之间。Default: 3 -->
        <property name="initialPoolSize" value="5" />
		
		<!-- 最大空闲时间,60秒内未使用则连接被丢弃。若为0则永不丢弃。Default: 0 -->
		<property name="maxIdleTime" value="120" />
		<!-- 每60秒检查所有连接池中的空闲连接。Default: 0 -->
		<property name="idleConnectionTestPeriod" value="60" /> 
		
		<!-- 如果设为true那么在取得连接的同时将校验连接的有效性。Default: false -->
		<property name="testConnectionOnCheckin" value="true" /> 
		<!-- c3p0将建一张名为Test的空表，并使用其自带的查询语句进行测试。如果定义了这个参数那么属性preferredTestQuery将被忽略。你不能在这张Test表上进行任何操作，它将只供c3p0测试 使用。Default:null -->
		<property name="automaticTestTable" value="app_c3p0_test_table" /> 
		<!-- 因性能消耗大请只在需要的时候使用它。如果设为true那么在每个connection提交的时候都将校验其有效性。建议使用idleConnectionTestPeriod或automaticTestTable等方法来提升连接测试的性能。Default: false -->
		<property name="testConnectionOnCheckout" value="false" /> 
		
	</bean>

	<bean id="sqlSessionFactory" class="org.mybatis.spring.SqlSessionFactoryBean">
		<property name="configLocation" value="classpath:config/xml/mybatis-config.xml" />
			<!--<property name="mapperLocations" value="classpath:config/mapper/*Mapper.xml" />-->

		<property name="mapperLocations" >
			<list>
				<value>classpath*:com/dozenx/**/*Mapper.xml</value>
				<value>classpath:com/awifi/**/*Mapper.xml</value>
			</list>
		</property>

		<property name="dataSource" ref="dataSource" />
		<property name="plugins">
            <list>
                 <bean class="com.dozenx.web.core.page.PageInterceptor"></bean>
            </list>
        </property> 
	</bean>

	<!--配置文件,配置包名将自动引入包中的所有接口 -->
	<bean class="org.mybatis.spring.mapper.MapperScannerConfigurer">
		<property name="basePackage" value="com.dozenx.**.dao;com.awifi.**.dao" />
	</bean>

	<!-- 事务管理 -->
	<bean id="transactionManager"
		class="org.springframework.jdbc.datasource.DataSourceTransactionManager">
		<property name="dataSource" ref="dataSource" />
	</bean>
	<tx:advice id="txAdvice" transaction-manager="transactionManager" >
		<tx:attributes>
			<tx:method name="find*" propagation="REQUIRED" read-only="true" />
			<tx:method name="save*" propagation="REQUIRED" />
			<tx:method name="insert*" propagation="REQUIRED" />
			<tx:method name="update*" propagation="REQUIRED" />
			<tx:method name="edit*" propagation="REQUIRED" />
			<tx:method name="delete*" propagation="REQUIRED" />
			<tx:method name="add*" propagation="REQUIRED" rollback-for="Exception"/>
			<tx:method name="*" propagation="SUPPORTS" read-only="true" />
		</tx:attributes>
	</tx:advice>
	<aop:config>
		<aop:pointcut id="myPointcut" expression="execution(* cola.machine.service.*.*(..))" />
		<aop:advisor advice-ref="txAdvice" pointcut-ref="myPointcut" />
	</aop:config>
</beans>