    <?xml version="1.0" encoding="UTF-8"?>  
    <beans xmlns="http://www.springframework.org/schema/beans"  
        xmlns:xsi="http://www.w3.org/2001/XMLSchema-instance"   
        xmlns:context="http://www.springframework.org/schema/context"  
        xmlns:mongo="http://www.springframework.org/schema/data/mongo"  
        xsi:schemaLocation="http://www.springframework.org/schema/beans  
            http://www.springframework.org/schema/beans/spring-beans-3.0.xsd  
            http://www.springframework.org/schema/data/mongo       
            http://www.springframework.org/schema/data/mongo/spring-mongo-1.0.xsd   
            http://www.springframework.org/schema/context  
            http://www.springframework.org/schema/context/spring-context-3.0.xsd">  
      
        <context:component-scan base-package="liming.mongodb.example" />  
      
        <mongo:mongo host="127.0.0.1" port="27017" />  
      
        <!-- mongo的工厂，通过它来取得mongo实例,dbname为mongodb的数据库名，没有的话会自动创建 -->  
        <mongo:db-factory dbname="student" mongo-ref="mongo" />  
      
        <!-- mongodb的主要操作对象，所有对mongodb的增删改查的操作都是通过它完成 -->  
        <bean id="mongoTemplate" class="org.springframework.data.mongodb.core.MongoTemplate">  
            <constructor-arg name="mongoDbFactory" ref="mongoDbFactory" />  
        </bean>  
      
        <!-- 映射转换器，扫描back-package目录下的文件，根据注释，把它们作为mongodb的一个collection的映射 -->  
        <mongo:mapping-converter base-package="climing.mongodb.example.data.model" />  
      
        <!-- mongodb bean的仓库目录，会自动扫描扩展了MongoRepository接口的接口进行注入 -->  
        <mongo:repositories base-package="liming.mongodb.example.data.impl" />  
      
        <context:annotation-config />  
      
    </beans>  