<?xml version="1.0" encoding="UTF-8"?>
<ehcache xmlns:xsi="http://www.w3.org/2001/XMLSchema-instance"  
    xsi:noNamespaceSchemaLocation="ehcache.xsd" updateCheck="false"  
    monitoring="autodetect">  
<!-- 缓存配置
    name:缓存名称。
    maxElementsInMemory：缓存最大个数。
    eternal:对象是否永久有效，一旦设置了，timeout将不起作用。
    timeToIdleSeconds：设置对象在失效前的允许闲置时间（单位：秒）。仅当eternal=false对象不是永久有效时使用，可选属性，默认值是0，也就是可闲置时间无穷大。
    timeToLiveSeconds：设置对象在失效前允许存活时间（单位：秒）。最大时间介于创建时间和失效时间之间。仅当eternal=false对象不是永久有效时使用，默认是0.，也就是对象存活时间无穷大。
    overflowToDisk：当内存中对象数量达到maxElementsInMemory时，Ehcache将会对象写到磁盘中。
    diskSpoolBufferSizeMB：这个参数设置DiskStore（磁盘缓存）的缓存区大小。默认是30MB。每个Cache都应该有自己的一个缓冲区。
    maxElementsOnDisk：硬盘最大缓存个数。
    diskPersistent：是否缓存虚拟机重启期数据 Whether the disk store persists between restarts of the Virtual Machine. The default value is false.
    diskExpiryThreadIntervalSeconds：磁盘失效线程运行时间间隔，默认是120秒。
    memoryStoreEvictionPolicy：当达到maxElementsInMemory限制时，Ehcache将会根据指定的策略去清理内存。默认策略是LRU（最近最少使用）。你可以设置为FIFO（先进先出）或是LFU（较少使用）。
    clearOnFlush：内存数量最大时是否清除。
-->
	
    <diskStore path="java.io.tmpdir" />
    
	<defaultCache maxElementsInMemory="50" eternal="false" overflowToDisk="false" diskPersistent="false" 
		timeToIdleSeconds="900" timeToLiveSeconds="1800" memoryStoreEvictionPolicy="LFU" />
		
	<!-- 统计分析缓存  -->	
	<!-- <cache name="userService.getOneDayUsers" maxElementsInMemory="1000" diskPersistent="true" timeToIdleSeconds="9000" timeToLiveSeconds="86400" eternal="true" overflowToDisk="false" memoryStoreEvictionPolicy="LFU" />
	<cache name="userService.getOneDayNewUsers" maxElementsInMemory="1000" diskPersistent="true" timeToIdleSeconds="9000" timeToLiveSeconds="86400" eternal="true" overflowToDisk="false" memoryStoreEvictionPolicy="LFU" />
	<cache name="userService.getOneDayOldUsers" maxElementsInMemory="1000" diskPersistent="true" timeToIdleSeconds="9000" timeToLiveSeconds="86400" eternal="true" overflowToDisk="false" memoryStoreEvictionPolicy="LFU" />
	<cache name="userService.getHistoryUsers" maxElementsInMemory="1000" diskPersistent="true" timeToIdleSeconds="9000" timeToLiveSeconds="86400" eternal="true" overflowToDisk="false" memoryStoreEvictionPolicy="LFU" />
	<cache name="userService.getHistoryNewUsers" maxElementsInMemory="1000" diskPersistent="true" timeToIdleSeconds="9000" timeToLiveSeconds="86400" eternal="true" overflowToDisk="false" memoryStoreEvictionPolicy="LFU" />
	<cache name="userService.getHistoryOldUsers" maxElementsInMemory="1000" diskPersistent="true" timeToIdleSeconds="9000" timeToLiveSeconds="86400" eternal="true" overflowToDisk="false" memoryStoreEvictionPolicy="LFU" />
	<cache name="userService.getAllApUsers" maxElementsInMemory="1000" diskPersistent="true" timeToIdleSeconds="9000" timeToLiveSeconds="86400" eternal="true" overflowToDisk="false" memoryStoreEvictionPolicy="LFU" />
	<cache name="userService.getApUsers" maxElementsInMemory="1000" diskPersistent="true" timeToIdleSeconds="9000" timeToLiveSeconds="86400" eternal="true" overflowToDisk="false" memoryStoreEvictionPolicy="LFU" />
	<cache name="userService.getApNewUsers" maxElementsInMemory="1000" diskPersistent="true" timeToIdleSeconds="9000" timeToLiveSeconds="86400" eternal="true" overflowToDisk="false" memoryStoreEvictionPolicy="LFU" />
	<cache name="userService.getApOldUsers" maxElementsInMemory="1000" diskPersistent="true" timeToIdleSeconds="9000" timeToLiveSeconds="86400" eternal="true" overflowToDisk="false" memoryStoreEvictionPolicy="LFU" />
	<cache name="userService.getUserDetailsForMerchant" maxElementsInMemory="1000" diskPersistent="true" timeToIdleSeconds="9000" timeToLiveSeconds="86400" eternal="true" overflowToDisk="false" memoryStoreEvictionPolicy="LFU" />
	<cache name="userService.getNewUserNumStatistics" maxElementsInMemory="1000" diskPersistent="true" timeToIdleSeconds="9000" timeToLiveSeconds="86400" eternal="true" overflowToDisk="false" memoryStoreEvictionPolicy="LFU" />
	<cache name="userService.getTodayUserNum" maxElementsInMemory="1000" diskPersistent="true" timeToIdleSeconds="9000" timeToLiveSeconds="86400" eternal="true" overflowToDisk="false" memoryStoreEvictionPolicy="LFU" /> -->
</ehcache>
